{
  "VCAL_CALIBRATION": {
    "VCAL_HIGH_OFFSET": [-23, 17],
    "VCAL_HIGH_SLOPE": [0.16, 0.24],
    "VCAL_MED_OFFSET": [-23, 17],
    "VCAL_MED_SLOPE": [0.16, 0.24],
    "VCAL_HIGH_SLOPE_SMALL_RANGE_RATIO": [0.49, 0.51],
    "VCAL_MED_SLOPE_SMALL_RANGE_RATIO": [0.49, 0.51]
  },

  "ADC_CALIBRATION": {
    "ADC_CALIBRATION_SLOPE": [0.15, 0.224],
    "ADC_CALIBRATION_OFFSET": [-9, 31]
  },

  "SLDO": {
    "SLDO_LINEARITY": [-0.03, 0.03],
    "SLDO_VINA_VIND": [-0.01, 0.01],
    "SLDO_VDDA": [1.19, 1.21],
    "SLDO_VDDD": [1.19, 1.21],
    "SLDO_VINA": {
      "LZero": [1.473, 1.523],
      "LOne": [1.469, 1.519],
      "LTwo": [1.468, 1.518]
    },
    "SLDO_VIND": {
      "LZero": [1.473, 1.523],
      "LOne": [1.469, 1.519],
      "LTwo": [1.468, 1.518]
    },
    "SLDO_VOFFS": {
      "LZero": [1.09, 1.11],
      "LOne": [0.99, 1.01],
      "LTwo": [0.99, 1.01]
    },
    "SLDO_IINA": {
      "LZero": [0.788, 0.85],
      "LOne": [0.681, 0.735],
      "LTwo": [0.567, 0.626]
    },
    "SLDO_IIND": {
      "LZero": [0.997, 1.06],
      "LOne": [0.917, 0.971],
      "LTwo": [0.846, 0.905]
    },
    "SLDO_IREF": [3.7, 4.3],
    "SLDO_ISHUNTA": {
      "LZero": [0.008, 999],
      "LOne": [0.007, 999],
      "LTwo": [0.006, 999]
    },
    "SLDO_ISHUNTD": {
      "LZero": [0.265, 999],
      "LOne": [0.185, 999],
      "LTwo": [0.128, 999]
    }
  },
  "ANALOG_READBACK": {
    "ChipNTC_vs_ExtExt": [-2, 2],
    "ASLDO_vs_ChipNTC": [-8, 2],
    "DSLDO_vs_ChipNTC": [-8, 2],
    "ACB_vs_ChipNTC": [-8, 2],
    "AR_VDDA_VS_TRIM": {
      "VDD_TRIM_0": [1.03659, 1.15158],
      "VDD_step_size": [0.01257, 0.02421]
    },
    "AR_VDDD_VS_TRIM": {
      "VDD_TRIM_0": [1.03528, 1.15114],
      "VDD_step_size": [0.01267, 0.02443]
    },
    "AR_ROSC_SLOPE": {
      "ROSC0": [600, 700],
      "ROSC1": [1000, 1100],
      "ROSC2": [600, 700],
      "ROSC3": [1000, 1100],
      "ROSC4": [650, 750],
      "ROSC5": [1200, 1300],
      "ROSC6": [800, 900],
      "ROSC7": [1200, 1300],
      "ROSC8": [1000, 1100],
      "ROSC9": [1100, 1300],
      "ROSC10": [1100, 1300],
      "ROSC11": [1100, 1300],
      "ROSC12": [1000, 1100],
      "ROSC13": [1000, 1100],
      "ROSC14": [1200, 1300],
      "ROSC15": [1200, 1300],
      "ROSC16": [1200, 1300],
      "ROSC17": [1200, 1300],
      "ROSC18": [1400, 1500],
      "ROSC19": [1400, 1500],
      "ROSC20": [1100, 1300],
      "ROSC21": [1100, 1200],
      "ROSC22": [1400, 1500],
      "ROSC23": [1400, 1500],
      "ROSC24": [700, 800],
      "ROSC25": [700, 800],
      "ROSC26": [800, 1000],
      "ROSC27": [800, 1000],
      "ROSC28": [800, 1000],
      "ROSC29": [800, 1000],
      "ROSC30": [900, 1100],
      "ROSC31": [900, 1100],
      "ROSC32": [900, 1100],
      "ROSC33": [1000, 1100],
      "ROSC34": [1300, 1500],
      "ROSC35": [1300, 1500],
      "ROSC36": [1300, 1500],
      "ROSC37": [1300, 1500],
      "ROSC38": [1300, 1500],
      "ROSC39": [1300, 1500],
      "ROSC40": [1300, 1500],
      "ROSC41": [1300, 1500],
      "ROSC42": [1300, 1500]
    },
    "AR_ROSC_OFFSET": {
      "ROSC0": [-400, -300],
      "ROSC1": [-600, -500],
      "ROSC2": [-400, -300],
      "ROSC3": [-600, -500],
      "ROSC4": [-500, -400],
      "ROSC5": [-800, -700],
      "ROSC6": [-600, -500],
      "ROSC7": [-900, -800],
      "ROSC8": [-600, -500],
      "ROSC9": [-600, -500],
      "ROSC10": [-800, -600],
      "ROSC11": [-800, -600],
      "ROSC12": [-800, -600],
      "ROSC13": [-800, -600],
      "ROSC14": [-800, -700],
      "ROSC15": [-800, -700],
      "ROSC16": [-800, -700],
      "ROSC17": [-800, -700],
      "ROSC18": [-1000, -700],
      "ROSC19": [-1000, -700],
      "ROSC20": [-1000, -700],
      "ROSC21": [-1000, -700],
      "ROSC22": [-1000, -700],
      "ROSC23": [-1000, -700],
      "ROSC24": [-600, -400],
      "ROSC25": [-600, -400],
      "ROSC26": [-600, -400],
      "ROSC27": [-600, -400],
      "ROSC28": [-600, -400],
      "ROSC29": [-600, -400],
      "ROSC30": [-600, -400],
      "ROSC31": [-600, -400],
      "ROSC32": [-600, -400],
      "ROSC33": [-600, -400],
      "ROSC34": [-900, -800],
      "ROSC35": [-900, -800],
      "ROSC36": [-900, -800],
      "ROSC37": [-900, -800],
      "ROSC38": [-900, -800],
      "ROSC39": [-900, -800],
      "ROSC40": [-900, -800],
      "ROSC41": [-900, -800],
      "ROSC42": [-900, -800]
    },
    "AR_ROSC_MAX_RESIDUAL": [0, 10],
    "AR_NOMINAL_SETTINGS": {
      "Iref": [3.3e-6, 4.4e-6],
      "CdrVcoMainBias": [7.87e-5, 9.47e-5],
      "CdrVcoBuffBias": [3.94e-5, 5.77e-5],
      "ICdrCP": [3.2e-6, 4.8e-6],
      "ICdrFD": [3.26e-5, 4.55e-5],
      "CdrBuffBias": [1.74e-5, 2.13e-5],
      "CMLDrivTap2Bias": [-5e-8, 5e-8],
      "CMLDrivTap1Bias": [1e-5, 6e-5],
      "CMLDrivMainBias": [6.32e-5, 8.26e-5],
      "IDiffPreMain": {
        "LZero": [1.0e-5, 1.48e-5],
        "LOne": [3.72e-5, 5.75e-5],
        "LTwo": [3.72e-5, 5.75e-5]
      },
      "IDiffPreampComp": [5.34e-5, 7.52e-5],
      "IDiffComp": [4.07e-5, 6.16e-5],
      "IDiffVth2": [7.28e-5, 9.67e-5],
      "IDiffVth1Main": [3.51e-5, 9.77e-5],
      "IDiffLcc": [6.94e-5, 9.61e-5],
      "IDiffFB": [6.3e-5, 1.066e-4],
      "IDiffPreampLeft": [7.28e-5, 9.97e-5],
      "IDiffVth1Left": [4.7e-5, 8.86e-5],
      "IDiffPreampRight": {
        "LZero": [9.5e-6, 1.48e-5],
        "LOne": [3.64e-5, 5.75e-5],
        "LTwo": [3.64e-5, 5.75e-5]
      },
      "IDiffPreampTopLeft": {
        "LZero": [9.5e-5, 1.46e-5],
        "LOne": [3.49e-5, 5.91e-5],
        "LTwo": [3.49e-5, 5.91e-5]
      },
      "IDiffVth1Right": [4.33e-5, 9.11e-5],
      "IDiffPreampTop": {
        "LZero": [9.5e-6, 1.52e-5],
        "LOne": [3.49e-5, 6.0e-5],
        "LTwo": [3.49e-5, 6.0e-5]
      },
      "IDiffPreampTopRight": {
        "LZero": [9.6e-6, 1.51e-5],
        "LOne": [3.44e-5, 5.9e-5],
        "LTwo": [3.44e-5, 5.9e-5]
      },
      "GADC": {
        "LZero": [0.666, 0.985],
        "LOne": [0.703, 0.924],
        "LTwo": [0.703, 0.924]
      },
      "VcalDac": [0.668, 0.987],
      "AnaGND30": {
        "LZero": [0.003, 0.055],
        "LOne": [0.015, 0.023],
        "LTwo": [0.015, 0.023]
      },
      "VrefCore": [0.435, 0.49],
      "VrefOVP": [1.857, 2.152],
      "VrefA": [0.563, 0.628],
      "VrefD": [0.561, 0.62],
      "Vofs": {
        "LZero": [1.054, 1.134],
        "LOne": [0.964, 1.024],
        "LTwo": [0.964, 1.024]
      }
    }
  },
  "INJECTION_CAPACITANCE": {
    "INJ_CAPACITANCE": [6.74, 9.0]
  },
  "OVERVOLTAGE_PROTECTION": {
    "OVP_VINA": {
      "LZero": [1.9, 2.1],
      "LOne": [1.9, 2.1],
      "LTwo": [1.9, 2.1]
    },
    "OVP_VIND": {
      "LZero": [1.9, 2.1],
      "LOne": [1.9, 2.1],
      "LTwo": [1.9, 2.1]
    },
    "OVP_VREFOVP": [1.95, 2.05],
    "OVP_IINA": {
      "LZero": [0.636, 0.781],
      "LOne": [0.636, 0.781],
      "LTwo": [0.636, 0.781]
    },
    "OVP_IIND": {
      "LZero": [0.855, 1.045],
      "LOne": [0.855, 1.045],
      "LTwo": [0.855, 1.045]
    }
  },
  "LP_MODE": {
    "LP_VINA": {
      "LZero": [1.468, 1.518],
      "LOne": [1.468, 1.518],
      "LTwo": [1.468, 1.518]
    },
    "LP_VIND": {
      "LZero": [1.468, 1.518],
      "LOne": [1.468, 1.518],
      "LTwo": [1.468, 1.518]
    },
    "LP_VOFFS": {
      "LZero": [1.304, 1.354],
      "LOne": [1.304, 1.354],
      "LTwo": [1.304, 1.354]
    },
    "LP_IINA": [0.18, 0.22],
    "LP_IIND": [0.28, 0.32],
    "LP_ISHUNTA": [0.0001, 0.1],
    "LP_ISHUNTD": [0.0001, 0.1]
  },
  "MIN_HEALTH_TEST": {
    "BAD_ANALOG_INTEGRATED": [0, 153.6],
    "THRESHOLD_FAILED_FITS_INDEPENDENT": [0, 1536],
    "HIGH_ENC_INDEPENDENT": [0, 1536]
  },
  "TUNING_UNTUNED": {
    "UNTUNED_THRESHOLD_MEAN": [1700, 2700],
    "UNTUNED_THRESHOLD_FAILED_FITS": [0, 1536],
    "UNTUNED_THRESHOLD_SIGMA": [0, 400]
  },
  "TUNING_TUNED": {
    "TUNED_THRESHOLD_MEAN": {
      "LZero": [900, 1100],
      "LOne": [1350, 1650],
      "LTwo": [1350, 1650]
    },
    "TUNED_THRESHOLD_SIGMA": [0, 50],
    "TUNED_TDAC_MEAN": [-1, 1],